{"names": ["Automatek", "Babelek_Chlaptus", "Bawarka", "Czimnejek", "Demokracja", "Dialogomir", "Dziupelka", "Gaugan", "Giermek_Grun-Waldek", "Gluchak", "Golebnik", "Grajek_i_Meloman", "Koronus", "Krasnal_Millenniowski", "Krasnal_Teleclaw", "Ksiegarka", "Lappek", "Leprykonus", "Leszko_z_Wroclawia", "Lunetyk", "Obiezysmak", "Ogorzalek_i_Opilek", "Orzezwiacz", "Parasolniki", "Pieroznik", "Pozarki", "Rogalik", "Serdecznis", "Slepak", "Spioch", "Syzyfki", "Trabibrzuch", "Trendus", "W-Skers", "Wiezien", "WrocLovek"], "yaml": {"nc": 36, "depth_multiple": 0.67, "width_multiple": 0.75, "backbone": [[-1, 1, "Conv", [64, 3, 2]], [-1, 1, "Conv", [128, 3, 2]], [-1, 3, "C2f", [128, true]], [-1, 1, "Conv", [256, 3, 2]], [-1, 6, "C2f", [256, true]], [-1, 1, "Conv", [512, 3, 2]], [-1, 6, "C2f", [512, true]], [-1, 1, "Conv", [768, 3, 2]], [-1, 3, "C2f", [768, true]], [-1, 1, "SPPF", [768, 5]]], "head": [[-1, 1, "nn.Upsample", ["None", 2, "nearest"]], [[-1, 6], 1, "Concat", [1]], [-1, 3, "C2f", [512]], [-1, 1, "nn.Upsample", ["None", 2, "nearest"]], [[-1, 4], 1, "Concat", [1]], [-1, 3, "C2f", [256]], [-1, 1, "Conv", [256, 3, 2]], [[-1, 12], 1, "Concat", [1]], [-1, 3, "C2f", [512]], [-1, 1, "Conv", [512, 3, 2]], [[-1, 9], 1, "Concat", [1]], [-1, 3, "C2f", [768]], [[15, 18, 21], 1, "Detect", ["nc"]]], "ch": 3}, "nc": 36, "args": {"model": "yolov8m.pt", "batch": 16, "imgsz": 544}, "ultralytics_version": "8.2.28", "model_type": "yolov8"}