{"names": ["Automatek", "Babelek_Chlaptus", "Bawarka", "Chrapek", "Czimnejek", "Demokracja", "Dialogomir", "Dryndek", "Dziupelka", "Elementek", "Galeriusz", "Gaugan", "Giermek_Grun-Waldek", "GigaHercjusz", "Gluchak", "Golebnik", "Grajek_i_Meloman", "Kantorki", "Kolekcjoner", "Koparkus", "Koronus", "Krasnal_Millenniowski", "Krasnal_Teleclaw", "Ksiegarka", "LadyWolnosc", "Lappek", "Leprykonus", "Leszko_z_Wroclawia", "Lunetyk", "Numizmatyk", "Obiezysmak", "Ogorzalek_i_Opilek", "Orzezwiacz", "Parasolniki", "Pieroznik", "Piwozlopek_ i_Piesel_Piwosz", "Pozarki", "Rezyser", "Rogalik", "Rzeznik", "Serdecznis", "Slepak", "Spioch", "Statyslaw", "Suvenirek", "Syzyfki", "TatuazystaKonstanty", "TianTian", "Trabibrzuch", "Trendus", "Troszka i Adoratorek", "Vertigus", "W-Skers", "WIZek", "WOTus", "Wedelek", "Wentyl", "Weteran", "Wiezien", "WrocLovek", "Wyrostek i Zadymek", "Zyczliwek"], "yaml": {"nc": 62, "depth_multiple": 0.67, "width_multiple": 0.75, "backbone": [[-1, 1, "Conv", [64, 3, 2]], [-1, 1, "Conv", [128, 3, 2]], [-1, 3, "C2f", [128, true]], [-1, 1, "Conv", [256, 3, 2]], [-1, 6, "C2f", [256, true]], [-1, 1, "Conv", [512, 3, 2]], [-1, 6, "C2f", [512, true]], [-1, 1, "Conv", [768, 3, 2]], [-1, 3, "C2f", [768, true]], [-1, 1, "SPPF", [768, 5]]], "head": [[-1, 1, "nn.Upsample", ["None", 2, "nearest"]], [[-1, 6], 1, "Concat", [1]], [-1, 3, "C2f", [512]], [-1, 1, "nn.Upsample", ["None", 2, "nearest"]], [[-1, 4], 1, "Concat", [1]], [-1, 3, "C2f", [256]], [-1, 1, "Conv", [256, 3, 2]], [[-1, 12], 1, "Concat", [1]], [-1, 3, "C2f", [512]], [-1, 1, "Conv", [512, 3, 2]], [[-1, 9], 1, "Concat", [1]], [-1, 3, "C2f", [768]], [[15, 18, 21], 1, "Detect", ["nc"]]], "ch": 3}, "nc": 62, "args": {"model": "/home/zuza/zuza/studia/projekt_krasnale/Wroclaws_Draws_Recognition/krasnale1.pt", "batch": 16, "imgsz": 512}, "ultralytics_version": "8.2.28", "model_type": "yolov8"}